{:clojask-id 3, :Employee "3", :EmployeeName "Carla", :Department "12", :Salary "900"}
{:clojask-id 9, :Employee "9", :EmployeeName "Carla", :Department "12", :Salary "900"}
{:clojask-id 15, :Employee "15", :EmployeeName "Carla", :Department "12", :Salary "900"}
{:clojask-id 21, :Employee "21", :EmployeeName "Carla", :Department "12", :Salary "900"}
{:clojask-id 27, :Employee "27", :EmployeeName "Carla", :Department "12", :Salary "900"}
{:clojask-id 33, :Employee "33", :EmployeeName "Carla", :Department "12", :Salary "900"}
{:clojask-id 39, :Employee "39", :EmployeeName "Carla", :Department "12", :Salary "900"}
{:clojask-id 45, :Employee "45", :EmployeeName "Carla", :Department "12", :Salary "900"}
{:clojask-id 51, :Employee "51", :EmployeeName "Carla", :Department "12", :Salary "900"}
{:clojask-id 57, :Employee "57", :EmployeeName "Carla", :Department "12", :Salary "900"}
{:clojask-id 63, :Employee "63", :EmployeeName "Carla", :Department "12", :Salary "900"}
{:clojask-id 69, :Employee "69", :EmployeeName "Carla", :Department "12", :Salary "900"}
{:clojask-id 75, :Employee "75", :EmployeeName "Carla", :Department "12", :Salary "900"}
{:clojask-id 81, :Employee "81", :EmployeeName "Carla", :Department "12", :Salary "900"}
{:clojask-id 87, :Employee "87", :EmployeeName "Carla", :Department "12", :Salary "900"}
{:clojask-id 93, :Employee "93", :EmployeeName "Carla", :Department "12", :Salary "900"}
{:clojask-id 99, :Employee "99", :EmployeeName "Carla", :Department "12", :Salary "900"}
{:clojask-id 105, :Employee "105", :EmployeeName "Carla", :Department "12", :Salary "900"}
{:clojask-id 111, :Employee "111", :EmployeeName "Carla", :Department "12", :Salary "900"}
{:clojask-id 117, :Employee "117", :EmployeeName "Carla", :Department "12", :Salary "900"}
{:clojask-id 123, :Employee "123", :EmployeeName "Carla", :Department "12", :Salary "900"}
{:clojask-id 129, :Employee "129", :EmployeeName "Carla", :Department "12", :Salary "900"}
{:clojask-id 135, :Employee "135", :EmployeeName "Carla", :Department "12", :Salary "900"}
{:clojask-id 141, :Employee "141", :EmployeeName "Carla", :Department "12", :Salary "900"}
{:clojask-id 147, :Employee "147", :EmployeeName "Carla", :Department "12", :Salary "900"}
{:clojask-id 153, :Employee "153", :EmployeeName "Carla", :Department "12", :Salary "900"}
{:clojask-id 159, :Employee "159", :EmployeeName "Carla", :Department "12", :Salary "900"}
{:clojask-id 165, :Employee "165", :EmployeeName "Carla", :Department "12", :Salary "900"}
{:clojask-id 171, :Employee "171", :EmployeeName "Carla", :Department "12", :Salary "900"}
{:clojask-id 177, :Employee "177", :EmployeeName "Carla", :Department "12", :Salary "900"}
{:clojask-id 183, :Employee "183", :EmployeeName "Carla", :Department "12", :Salary "900"}
{:clojask-id 189, :Employee "189", :EmployeeName "Carla", :Department "12", :Salary "900"}
{:clojask-id 195, :Employee "195", :EmployeeName "Carla", :Department "12", :Salary "900"}
