{:clojask-id 2, :Employee "2", :EmployeeName "Bob", :Department "11", :Salary "600"}
{:clojask-id 8, :Employee "8", :EmployeeName "Bob", :Department "11", :Salary "600"}
{:clojask-id 14, :Employee "14", :EmployeeName "Bob", :Department "11", :Salary "600"}
{:clojask-id 20, :Employee "20", :EmployeeName "Bob", :Department "11", :Salary "600"}
{:clojask-id 26, :Employee "26", :EmployeeName "Bob", :Department "11", :Salary "600"}
{:clojask-id 32, :Employee "32", :EmployeeName "Bob", :Department "11", :Salary "600"}
{:clojask-id 38, :Employee "38", :EmployeeName "Bob", :Department "11", :Salary "600"}
{:clojask-id 44, :Employee "44", :EmployeeName "Bob", :Department "11", :Salary "600"}
{:clojask-id 50, :Employee "50", :EmployeeName "Bob", :Department "11", :Salary "600"}
{:clojask-id 56, :Employee "56", :EmployeeName "Bob", :Department "11", :Salary "600"}
{:clojask-id 62, :Employee "62", :EmployeeName "Bob", :Department "11", :Salary "600"}
{:clojask-id 68, :Employee "68", :EmployeeName "Bob", :Department "11", :Salary "600"}
{:clojask-id 74, :Employee "74", :EmployeeName "Bob", :Department "11", :Salary "600"}
{:clojask-id 80, :Employee "80", :EmployeeName "Bob", :Department "11", :Salary "600"}
{:clojask-id 86, :Employee "86", :EmployeeName "Bob", :Department "11", :Salary "600"}
{:clojask-id 92, :Employee "92", :EmployeeName "Bob", :Department "11", :Salary "600"}
{:clojask-id 98, :Employee "98", :EmployeeName "Bob", :Department "11", :Salary "600"}
{:clojask-id 104, :Employee "104", :EmployeeName "Bob", :Department "11", :Salary "600"}
{:clojask-id 110, :Employee "110", :EmployeeName "Bob", :Department "11", :Salary "600"}
{:clojask-id 116, :Employee "116", :EmployeeName "Bob", :Department "11", :Salary "600"}
{:clojask-id 122, :Employee "122", :EmployeeName "Bob", :Department "11", :Salary "600"}
{:clojask-id 128, :Employee "128", :EmployeeName "Bob", :Department "11", :Salary "600"}
{:clojask-id 134, :Employee "134", :EmployeeName "Bob", :Department "11", :Salary "600"}
{:clojask-id 140, :Employee "140", :EmployeeName "Bob", :Department "11", :Salary "600"}
{:clojask-id 146, :Employee "146", :EmployeeName "Bob", :Department "11", :Salary "600"}
{:clojask-id 152, :Employee "152", :EmployeeName "Bob", :Department "11", :Salary "600"}
{:clojask-id 158, :Employee "158", :EmployeeName "Bob", :Department "11", :Salary "600"}
{:clojask-id 164, :Employee "164", :EmployeeName "Bob", :Department "11", :Salary "600"}
{:clojask-id 170, :Employee "170", :EmployeeName "Bob", :Department "11", :Salary "600"}
{:clojask-id 176, :Employee "176", :EmployeeName "Bob", :Department "11", :Salary "600"}
{:clojask-id 182, :Employee "182", :EmployeeName "Bob", :Department "11", :Salary "600"}
{:clojask-id 188, :Employee "188", :EmployeeName "Bob", :Department "11", :Salary "600"}
{:clojask-id 194, :Employee "194", :EmployeeName "Bob", :Department "11", :Salary "600"}
