{:clojask-id 1, :Employee "1", :EmployeeName "Alice", :Department "11", :Salary "300"}
{:clojask-id 7, :Employee "7", :EmployeeName "Alice", :Department "11", :Salary "300"}
{:clojask-id 13, :Employee "13", :EmployeeName "Alice", :Department "11", :Salary "300"}
{:clojask-id 19, :Employee "19", :EmployeeName "Alice", :Department "11", :Salary "300"}
{:clojask-id 25, :Employee "25", :EmployeeName "Alice", :Department "11", :Salary "300"}
{:clojask-id 31, :Employee "31", :EmployeeName "Alice", :Department "11", :Salary "300"}
{:clojask-id 37, :Employee "37", :EmployeeName "Alice", :Department "11", :Salary "300"}
{:clojask-id 43, :Employee "43", :EmployeeName "Alice", :Department "11", :Salary "300"}
{:clojask-id 49, :Employee "49", :EmployeeName "Alice", :Department "11", :Salary "300"}
{:clojask-id 55, :Employee "55", :EmployeeName "Alice", :Department "11", :Salary "300"}
{:clojask-id 61, :Employee "61", :EmployeeName "Alice", :Department "11", :Salary "300"}
{:clojask-id 67, :Employee "67", :EmployeeName "Alice", :Department "11", :Salary "300"}
{:clojask-id 73, :Employee "73", :EmployeeName "Alice", :Department "11", :Salary "300"}
{:clojask-id 79, :Employee "79", :EmployeeName "Alice", :Department "11", :Salary "300"}
{:clojask-id 85, :Employee "85", :EmployeeName "Alice", :Department "11", :Salary "300"}
{:clojask-id 91, :Employee "91", :EmployeeName "Alice", :Department "11", :Salary "300"}
{:clojask-id 97, :Employee "97", :EmployeeName "Alice", :Department "11", :Salary "300"}
{:clojask-id 103, :Employee "103", :EmployeeName "Alice", :Department "11", :Salary "300"}
{:clojask-id 109, :Employee "109", :EmployeeName "Alice", :Department "11", :Salary "300"}
{:clojask-id 115, :Employee "115", :EmployeeName "Alice", :Department "11", :Salary "300"}
{:clojask-id 121, :Employee "121", :EmployeeName "Alice", :Department "11", :Salary "300"}
{:clojask-id 127, :Employee "127", :EmployeeName "Alice", :Department "11", :Salary "300"}
{:clojask-id 133, :Employee "133", :EmployeeName "Alice", :Department "11", :Salary "300"}
{:clojask-id 139, :Employee "139", :EmployeeName "Alice", :Department "11", :Salary "300"}
{:clojask-id 145, :Employee "145", :EmployeeName "Alice", :Department "11", :Salary "300"}
{:clojask-id 151, :Employee "151", :EmployeeName "Alice", :Department "11", :Salary "300"}
{:clojask-id 157, :Employee "157", :EmployeeName "Alice", :Department "11", :Salary "300"}
{:clojask-id 163, :Employee "163", :EmployeeName "Alice", :Department "11", :Salary "300"}
{:clojask-id 169, :Employee "169", :EmployeeName "Alice", :Department "11", :Salary "300"}
{:clojask-id 175, :Employee "175", :EmployeeName "Alice", :Department "11", :Salary "300"}
{:clojask-id 181, :Employee "181", :EmployeeName "Alice", :Department "11", :Salary "300"}
{:clojask-id 187, :Employee "187", :EmployeeName "Alice", :Department "11", :Salary "300"}
{:clojask-id 193, :Employee "193", :EmployeeName "Alice", :Department "11", :Salary "300"}
