{:clojask-id 5, :Employee "5", :EmployeeName "Evelyn", :Department "13", :Salary "800"}
{:clojask-id 11, :Employee "11", :EmployeeName "Evelyn", :Department "13", :Salary "800"}
{:clojask-id 17, :Employee "17", :EmployeeName "Evelyn", :Department "13", :Salary "800"}
{:clojask-id 23, :Employee "23", :EmployeeName "Evelyn", :Department "13", :Salary "800"}
{:clojask-id 29, :Employee "29", :EmployeeName "Evelyn", :Department "13", :Salary "800"}
{:clojask-id 35, :Employee "35", :EmployeeName "Evelyn", :Department "13", :Salary "800"}
{:clojask-id 41, :Employee "41", :EmployeeName "Evelyn", :Department "13", :Salary "800"}
{:clojask-id 47, :Employee "47", :EmployeeName "Evelyn", :Department "13", :Salary "800"}
{:clojask-id 53, :Employee "53", :EmployeeName "Evelyn", :Department "13", :Salary "800"}
{:clojask-id 59, :Employee "59", :EmployeeName "Evelyn", :Department "13", :Salary "800"}
{:clojask-id 65, :Employee "65", :EmployeeName "Evelyn", :Department "13", :Salary "800"}
{:clojask-id 71, :Employee "71", :EmployeeName "Evelyn", :Department "13", :Salary "800"}
{:clojask-id 77, :Employee "77", :EmployeeName "Evelyn", :Department "13", :Salary "800"}
{:clojask-id 83, :Employee "83", :EmployeeName "Evelyn", :Department "13", :Salary "800"}
{:clojask-id 89, :Employee "89", :EmployeeName "Evelyn", :Department "13", :Salary "800"}
{:clojask-id 95, :Employee "95", :EmployeeName "Evelyn", :Department "13", :Salary "800"}
{:clojask-id 101, :Employee "101", :EmployeeName "Evelyn", :Department "13", :Salary "800"}
{:clojask-id 107, :Employee "107", :EmployeeName "Evelyn", :Department "13", :Salary "800"}
{:clojask-id 113, :Employee "113", :EmployeeName "Evelyn", :Department "13", :Salary "800"}
{:clojask-id 119, :Employee "119", :EmployeeName "Evelyn", :Department "13", :Salary "800"}
{:clojask-id 125, :Employee "125", :EmployeeName "Evelyn", :Department "13", :Salary "800"}
{:clojask-id 131, :Employee "131", :EmployeeName "Evelyn", :Department "13", :Salary "800"}
{:clojask-id 137, :Employee "137", :EmployeeName "Evelyn", :Department "13", :Salary "800"}
{:clojask-id 143, :Employee "143", :EmployeeName "Evelyn", :Department "13", :Salary "800"}
{:clojask-id 149, :Employee "149", :EmployeeName "Evelyn", :Department "13", :Salary "800"}
{:clojask-id 155, :Employee "155", :EmployeeName "Evelyn", :Department "13", :Salary "800"}
{:clojask-id 161, :Employee "161", :EmployeeName "Evelyn", :Department "13", :Salary "800"}
{:clojask-id 167, :Employee "167", :EmployeeName "Evelyn", :Department "13", :Salary "800"}
{:clojask-id 173, :Employee "173", :EmployeeName "Evelyn", :Department "13", :Salary "800"}
{:clojask-id 179, :Employee "179", :EmployeeName "Evelyn", :Department "13", :Salary "800"}
{:clojask-id 185, :Employee "185", :EmployeeName "Evelyn", :Department "13", :Salary "800"}
{:clojask-id 191, :Employee "191", :EmployeeName "Evelyn", :Department "13", :Salary "800"}
{:clojask-id 197, :Employee "197", :EmployeeName "Evelyn", :Department "13", :Salary "800"}
